month,month_end,equity,cash,open_mark,cash_pnl,realised_premium_pnl,filter_active_days,trading_days,total_pnl,premium_pnl,total_return
2005-01,2005-01-31,400737.1101032747,400737.1101032747,0.0,723.5934776676295,13.516625607071248,0,20,737.1101032746956,13.51662560706609,0.001842775258186739
2005-02,2005-02-28,401536.4914915856,401536.4914915856,0.0,787.3201465660991,12.061241744745452,0,19,799.3813883109251,12.06124174482602,0.0019947775440735077
2005-03,2005-03-31,402448.58716576407,402448.58716576407,0.0,949.5325640136914,-37.43688983531386,0,22,912.0956741784466,-37.436889835244756,0.002271513781450571
2005-04,2005-04-29,403269.0835525922,403269.0835525922,0.0,901.0047957657442,-80.5084089376602,0,21,820.4963868281338,-80.5084089376104,0.002038760758502006
2005-05,2005-05-31,404112.25358419336,404433.1319197307,-320.87833553735646,1019.4621675598316,-6.292135958655214,0,21,843.1700316011556,-176.292135958676,0.002090837274638719
2005-06,2005-06-30,405297.86725941295,405297.86725941295,0.0,1000.3694905329264,15.244184686623072,0,22,1185.613675219589,185.2441846866625,0.0029338721226689463
2005-07,2005-07-29,405814.794860084,405814.794860084,0.0,1041.1590619127956,-524.2314612418282,0,20,516.9276006710716,-524.231461241724,0.0012754264022322363
2005-08,2005-08-31,407051.93712085695,407051.93712085695,0.0,1281.3446755169084,-44.20241474395131,0,23,1237.1422607729328,-44.20241474397562,0.0030485390785209595
2005-09,2005-09-30,408251.80858548294,408251.80858548294,0.0,1163.739691406422,36.131773219557516,0,21,1199.8714646259905,36.13177321956846,0.0029477109803551656
2005-10,2005-10-31,409376.41989613115,409376.41989613115,0.0,1292.6788968407243,-168.06758619252813,0,21,1124.611310648208,-168.06758619251627,0.0027547001311391084
2005-11,2005-11-30,410540.5899275038,410540.5899275038,0.0,1332.4501535090944,-168.2801221364607,0,21,1164.1700313726324,-168.28012213646207,0.002843764258986902
2005-12,2005-12-30,411888.42956400604,411888.42956400604,0.0,1334.9118234695961,12.927813032729894,0,21,1347.8396365022636,12.927813032667473,0.003283084960588854
2006-01,2006-01-31,413161.789673336,413490.9913297102,-329.2016563741309,1540.8305067110798,-97.4703973811276,0,20,1273.3601093299803,-267.4703973810995,0.0030915170661090507
2006-02,2006-02-28,414794.57383584406,414794.57383584406,0.0,1432.3669476591435,30.417214848967753,0,19,1632.7841625080328,200.41721484888922,0.003951924411497452
2006-03,2006-03-31,416424.1908722479,416424.1908722479,0.0,1624.1575782207967,5.459458183017382,0,23,1629.6170364038553,5.459458183058587,0.003928732773270993
2006-04,2006-04-28,417914.6159808578,417914.6159808578,0.0,1495.4795834041627,-5.054474794436397,0,19,1490.4251086098957,-5.05447479426698,0.003579103090740311
2006-05,2006-05-31,419667.7762240972,419667.7762240972,0.0,1816.7984098364816,-63.63816659701805,0,22,1753.1602432393702,-63.63816659711142,0.004195020169669472
2006-06,2006-06-30,421428.8971914686,421428.8971914686,0.0,1681.5557477013765,79.5652196702012,0,22,1761.1209673714475,79.56521967007097,0.004196464601635346
2006-07,2006-07-31,423143.00675898,423143.00675898,0.0,1804.1583574535496,-90.04878994227468,5,20,1714.109567511361,-90.04878994218848,0.004067375490704868
2006-08,2006-08-31,425055.408819078,425055.408819078,0.0,1823.839491807175,88.5625682907091,0,23,1912.4020600980148,88.56256829083986,0.0045195171125380525
2006-09,2006-09-29,426743.04518489575,426743.04518489575,0.0,1668.1372987547868,19.499067062942373,0,20,1687.6363658177434,19.499067062956556,0.00397039146144844
2006-10,2006-10-31,428123.310558506,428550.1260055498,-426.8154470437916,1872.2503012690142,-321.9849276587825,0,22,1380.2653736102511,-491.9849276587631,0.0032344179692775565
2006-11,2006-11-30,430171.1080307227,430171.1080307227,0.0,1781.5186056495183,96.27886656716251,0,21,2047.7974722167128,266.2788665671944,0.004783195452602825
2006-12,2006-12-29,432020.9301463707,432020.9301463707,0.0,1695.6851029668042,154.13701268132834,0,20,1849.822115648014,154.13701268120985,0.0043002007366703485
2007-01,2007-01-31,433976.9211259058,434419.6037261994,-442.6826002936042,1980.6255810714908,148.0772064474925,0,20,1955.9909795350977,-24.63460153639312,0.004527537540536286
2007-02,2007-02-28,435895.1824374695,435895.1824374695,0.0,1712.5432516168196,33.00625196269788,1,19,1918.2613115636632,205.7180599468436,0.004420191992207658
2007-03,2007-03-30,437669.4446884997,437669.4446884997,0.0,1812.5059710253265,-38.24371999511762,10,22,1774.262251030188,-38.24371999513846,0.004070387383289586
2007-04,2007-04-30,439087.9299836652,439087.9299836652,0.0,1854.8446557135455,-436.35936054807894,3,20,1418.4852951655048,-436.35936054804074,0.00324099685819986
2007-05,2007-05-31,440935.7494241303,440935.7494241303,0.0,1809.0040247273566,38.81541573790354,2,22,1847.8194404651294,38.81541573777281,0.00420831299219241
2007-06,2007-06-29,442647.5271810976,442647.5271810976,0.0,1649.1990851255287,62.578671841716925,4,21,1711.7777569672908,62.578671841762116,0.0038821478167803407
2007-07,2007-07-31,444471.36205760995,444471.36205760995,0.0,1904.3464416406116,-80.51156512835725,6,21,1823.834876512352,-80.51156512825969,0.004120287055768817
2007-08,2007-08-31,446118.4634755118,446118.4634755118,0.0,1647.1014179018518,0.0,23,23,1647.1014179018675,1.5688783605583012e-11,0.0037057537526756995
2007-09,2007-09-28,447570.99963757914,447570.99963757914,0.0,1361.7559322601412,90.78022980714353,11,19,1452.5361620673211,90.78022980717992,0.0032559427169887877
2007-10,2007-10-31,449173.87052115693,449173.87052115693,0.0,1593.5489385879973,9.321944989505845,1,23,1602.8708835777943,9.321944989796975,0.003581266178719622
2007-11,2007-11-30,450499.0849744947,450499.0849744947,0.0,1255.6397998523657,69.57465348526989,10,21,1325.2144533377723,69.57465348540654,0.002950337364460189
2007-12,2007-12-31,451789.10728650173,451789.10728650173,0.0,1155.0562039444424,134.9661080626008,0,20,1290.0223120070295,134.96610806258718,0.002863540360087668
2008-01,2008-01-31,452707.6099531097,452707.6099531097,0.0,1129.4280426352707,-210.92537602732432,12,21,918.5026666079648,-210.9253760273059,0.002033034112142719
2008-02,2008-02-29,453622.15845038224,453622.15845038224,0.0,783.596506736522,130.9519905359361,11,20,914.548497272539,130.95199053601698,0.002020174782056934
2008-03,2008-03-31,454171.3800772605,454171.3800772605,0.0,501.9289398431524,47.292687035133596,10,20,549.2216268782504,47.29268703509797,0.0012107469105002394
2008-04,2008-04-30,454639.6862497565,454639.6862497565,0.0,486.07845664672595,-17.772284150841095,0,22,468.3061724959989,-17.772284150727046,0.0010311221557297026
2008-05,2008-05-30,455304.2759730245,455304.2759730245,0.0,642.6506980634445,21.939025204636437,0,21,664.589723268,21.93902520455549,0.0014617943469697613
2008-06,2008-06-30,455878.9372947268,455878.9372947268,0.0,731.4635317791455,-156.80221007699353,0,21,574.6613217022968,-156.8022100768486,0.00126214786907985
2008-07,2008-07-31,456558.97844092414,456558.97844092414,0.0,643.3948904845718,36.64625571278257,14,22,680.0411461973563,36.64625571278452,0.0014917143358999017
2008-08,2008-08-29,457172.9545694235,457172.9545694235,0.0,632.459544473698,-18.48341597445861,2,21,613.9761284993729,-18.483415974325112,0.0013447903939946665
2008-09,2008-09-30,457408.85875712615,457408.85875712615,0.0,495.70713184856714,-259.8029441458268,14,21,235.90418770263204,-259.8029441459351,0.0005160064377054244
2008-10,2008-10-31,457680.0957133617,457680.0957133617,0.0,271.23695623543404,0.0,23,23,271.2369562355452,1.1118572729174048e-10,0.0005929857960612127
2008-11,2008-11-28,457762.9007960029,457762.9007960029,0.0,82.8050826411308,0.0,19,19,82.80508264119271,6.191669399413513e-11,0.000180923495290152
2008-12,2008-12-31,457772.9467747061,457772.9467747061,0.0,10.045978703354779,0.0,13,22,10.045978703245055,-1.0972378561291407e-10,2.1945812309770244e-05
2009-01,2009-01-30,457724.1700291451,457724.1700291451,0.0,42.86117461067018,-91.63792017159673,1,20,-48.77674556104466,-91.63792017171485,-0.00010655226767922185
2009-02,2009-02-27,457695.9459620019,457695.9459620019,0.0,102.65845011506455,-130.88251725821618,16,19,-28.224067143164575,-130.88251725822914,-6.166173645880977e-05
2009-03,2009-03-31,457783.70407993626,457783.70407993626,0.0,87.75811793436787,0.0,18,22,87.75811793433968,-2.8194335754960775e-11,0.00019173890157555686
2009-04,2009-04-30,457802.3783788172,457802.3783788172,0.0,62.33697626736905,-43.66267738631005,0,21,18.67429888091283,-43.662677386456224,4.0792843245577834e-05
2009-05,2009-05-29,457808.9225085843,457808.9225085843,0.0,63.734420574886556,-57.19029080768295,0,20,6.544129767105915,-57.19029080778064,1.429466091958756e-05
2009-06,2009-06-30,457809.47356849787,457809.47356849787,0.0,69.58385279727968,-69.03279288373318,0,22,0.5510599135886878,-69.03279288369099,1.2036897633386667e-06
2009-07,2009-07-31,457584.95164203324,457584.95164203324,0.0,72.77933776696148,-297.30126423146703,0,22,-224.52192646462936,-297.30126423159084,-0.0004904265626365117
2009-08,2009-08-31,457741.6160558929,457741.6160558929,0.0,67.92137797475537,88.74303588494702,0,21,156.66441385966027,88.7430358849049,0.0003423723033230738
2009-09,2009-09-30,457883.7561424018,457883.7561424018,0.0,47.71419629183486,94.42589021690918,0,21,142.1400865088799,94.42589021704504,0.00031052471858168077
2009-10,2009-10-30,457973.2121764413,457973.2121764413,0.0,30.157399009107436,59.29863503045931,1,22,89.45603403949644,59.29863503038901,0.00019536843759898666
2009-11,2009-11-30,458060.755894815,458060.755894815,0.0,20.49028348328806,67.05343489048245,2,20,87.5437183737522,67.05343489046413,0.0001911546702867517
2009-12,2009-12-31,458187.66090313706,458187.66090313706,0.0,20.749700706820583,106.15530761521299,0,22,126.90500832203543,106.15530761521484,0.00027704841920833917
2010-01,2010-01-29,458196.8643742764,458196.8643742764,0.0,20.883756829156077,-11.680285689793806,2,19,9.20347113936441,-11.680285689791667,2.008668483394638e-05
2010-02,2010-02-26,458317.7054425449,458317.7054425449,0.0,36.16636829612373,84.67469997233674,3,19,120.84106826846255,84.67469997233883,0.00026373176611211804
2010-03,2010-03-31,458340.9172247913,458340.9172247913,0.0,61.90982094325678,-38.69803869683757,0,23,23.211782246420626,-38.69803869683616,5.064561541214662e-05
2010-04,2010-04-30,458467.5318059723,458467.5318059723,0.0,61.91679847198719,64.6977827089846,1,21,126.61458118096925,64.69778270898206,0.0002762454243614294
2010-05,2010-05-28,458220.39767593925,458220.39767593925,0.0,56.32832821351683,-303.46245824648844,10,20,-247.13413003302412,-303.46245824654096,-0.0005390439079939331
2010-06,2010-06-30,458283.09677141655,458283.09677141655,0.0,52.84368076348197,9.855414713869187,5,22,62.69909547729185,9.855414713809878,0.00013683174253109885
2010-07,2010-07-30,458347.85056555545,458347.85056555545,0.0,60.76414624520559,3.989647893762278,0,21,64.75379413890187,3.9896478936962794,0.00014129649248486228
2010-08,2010-08-31,458142.8502861739,458551.21335573477,-408.363069560848,63.55762006128877,-98.55789944283846,0,22,-205.00027938152198,-268.55789944281076,-0.00044725917036279785
2010-09,2010-09-30,458287.30077674787,458287.30077674787,0.0,57.197496347302234,-82.74700577331025,0,21,144.450490573945,87.25299422664276,0.0003152957434208906
2010-10,2010-10-29,458409.8071051056,458409.8071051056,0.0,50.95331016033039,71.55301819751827,0,21,122.50632835773285,71.55301819740247,0.00026731338212972026
2010-11,2010-11-30,458567.1967364364,458567.1967364364,0.0,56.57050442066971,100.8191269102292,1,21,157.38963133079233,100.81912691012262,0.0003433382726358329
2010-12,2010-12-31,458732.0895474511,458732.0895474511,0.0,57.23074490821064,107.66206610646849,0,22,164.89281101472443,107.66206610651379,0.00035958265699824433
2011-01,2011-01-31,458902.1373131841,458902.1373131841,0.0,58.529265350633295,111.51850038246201,0,20,170.04776573297568,111.51850038234238,0.0003706908010310144
2011-02,2011-02-28,458947.3070140295,458947.3070140295,0.0,45.66090576429693,-0.4912049189516736,0,19,45.16970084537752,-0.4912049189194079,9.84299203961886e-05
2011-03,2011-03-31,459076.1589217697,459076.1589217697,0.0,40.308739826916636,88.54316791331415,4,23,128.85190774023067,88.54316791331404,0.0002807553411274114
2011-04,2011-04-29,459211.5035579919,459211.5035579919,0.0,23.729681161648205,111.61495506069116,0,20,135.344636222173,111.61495506052479,0.00029481957098372605
2011-05,2011-05-31,459216.7531979024,459601.4599038179,-384.70670591549975,15.827440317733252,159.42219959276267,0,21,5.249639910529368,-10.577800407203885,1.1431856279415728e-05
2011-06,2011-06-30,459381.0558766449,459381.0558766449,0.0,15.06515292219733,-20.762474179623762,1,22,164.3026787425042,149.23752582030687,0.00035778894737252087
2011-07,2011-07-29,459260.871487206,459260.871487206,0.0,11.490166409156206,-131.6745558479616,2,20,-120.18438943888759,-131.6745558480438,-0.0002616224328396338
2011-08,2011-08-31,459273.37457163335,459273.37457163335,0.0,12.503084427300124,0.0,23,23,12.503084427327849,2.772537754935911e-11,2.722436245622148e-05
2011-09,2011-09-30,459253.217080336,459253.217080336,0.0,5.1039854171130035,-25.26147671452346,14,21,-20.157491297344677,-25.26147671445768,-4.388996273982935e-05
2011-10,2011-10-31,459042.9029860568,459042.9029860568,0.0,7.784370963840124,-218.09846524303865,5,21,-210.31409427919425,-218.09846524303438,-0.00045794800440647655
2011-11,2011-11-30,458961.2702004908,458961.2702004908,0.0,5.355883081489902,-86.98866864752986,2,21,-81.63278556603473,-86.98866864752463,-0.00017783258391539556
2011-12,2011-12-30,459059.49350961996,459059.49350961996,0.0,3.825822945836681,94.39748618332229,0,21,98.22330912918551,94.39748618334883,0.00021401219559610778
2012-01,2012-01-31,458944.5076343452,459251.16827291023,-306.6606385649986,12.883052941587383,42.13107178373789,0,20,-114.9858752747532,-127.86892821634058,-0.00025048142321523205
2012-02,2012-02-29,459184.7059754949,459184.7059754949,0.0,33.04425047985022,37.15409066976633,0,20,240.19834114966216,207.15409066981192,0.0005233712075295939
2012-03,2012-03-30,459401.47669192095,459401.47669192095,0.0,32.29303998518162,184.47767644097556,0,22,216.77071642607916,184.47767644089754,0.0004720773876071723
2012-04,2012-04-30,459602.22181711474,459602.22181711474,0.0,32.1827058163835,168.56241937742317,0,20,200.74512519378914,168.56241937740563,0.0004369710054902822
2012-05,2012-05-31,459577.561100744,459577.561100744,0.0,37.04792653254727,-61.70864290324143,0,22,-24.660716370737646,-61.70864290328492,-5.365665177430464e-05
2012-06,2012-06-29,459722.2044744863,459722.2044744863,0.0,33.20982404564758,111.43354969653004,0,21,144.64337374229217,111.43354969664459,0.000314731148744194
2012-07,2012-07-31,459888.8570213968,459888.8570213968,0.0,38.84382577013858,127.80872114048398,0,21,166.65254691051086,127.80872114037228,0.0003625070646761848
2012-08,2012-08-31,460097.20520950976,460097.20520950976,0.0,40.778340625624914,167.56984748743236,0,23,208.34818811295554,167.56984748733063,0.0004530403051345554
2012-09,2012-09-28,460336.9941908553,460336.9941908553,0.0,37.605753278114214,202.18322806744874,0,19,239.78898134554038,202.18322806742617,0.0005211702627846873
2012-10,2012-10-31,460466.7303065132,460466.7303065132,0.0,42.865599678675046,86.87051597906657,0,21,129.73611565789906,86.87051597922402,0.00028182856753874227
2012-11,2012-11-30,460644.5975783327,460644.5975783327,0.0,36.34703968393182,141.52023213560912,0,21,177.86727181950118,141.52023213556936,0.0003862760545177769
2012-12,2012-12-31,460719.7791279321,460719.7791279321,0.0,30.087525200143038,45.094024399366816,1,20,75.1815495993942,45.09402439925117,0.00016320944605588165
2013-01,2013-01-31,460680.47997409623,461172.522855245,-492.04288114873293,27.405124444250024,126.28795604296064,0,21,-39.299153835861944,-66.70427828011196,-8.529947186172227e-05
2013-02,2013-02-28,461052.102424467,461052.102424467,0.0,34.204498944153784,144.42571710345885,1,19,371.622450370749,337.4179514265952,0.0008066815646099116
2013-03,2013-03-28,461188.79110040434,461360.21041322895,-171.41931282463887,32.806364863452586,0.0,0,20,136.68867593735922,103.88231107390664,0.00029647121272969923
2013-04,2013-04-30,461410.5985680594,461410.5985680594,0.0,27.30743237093412,298.38234635797096,2,22,221.8074676550459,194.5000352841118,0.00048094722147476633
2013-05,2013-05-31,461386.2458894787,461386.2458894787,0.0,17.693577045920208,-42.04625562664637,0,22,-24.352678580675274,-42.04625562659548,-5.27787585639587e-05
2013-06,2013-06-28,461529.99310489366,461529.99310489366,0.0,17.569603157684725,126.17761225722455,1,20,143.74721541494364,126.17761225725891,0.00031155505110002155
2013-07,2013-07-31,461587.46666352556,461587.46666352556,0.0,15.7765406312612,41.69701800051017,0,22,57.47355863190023,41.697018000639034,0.00012452832858218598
2013-08,2013-08-30,461417.6690571648,461417.6690571648,0.0,17.063412312927003,-186.8610186737353,0,22,-169.79760636074934,-186.86101867367634,-0.0003678557556774465
2013-09,2013-09-30,461490.6718439314,461490.6718439314,0.0,6.027387001442101,66.97539976529755,0,20,73.00278676662128,66.97539976517919,0.00015821411199053368
2013-10,2013-10-31,461554.9957079451,461554.9957079451,0.0,17.957057677150747,46.366806336483705,4,23,64.32386401365511,46.36680633650437,0.0001393828043298097
2013-11,2013-11-29,461735.0504585683,461735.0504585683,0.0,23.738439545804326,156.31631107752224,0,20,180.05475062323967,156.31631107743533,0.0003901046512281099
2013-12,2013-12-31,461942.33109384467,461942.33109384467,0.0,27.21016520059476,180.0704700756538,0,21,207.28063527634367,180.07047007574891,0.0004489168302698369
2014-01,2014-01-31,462012.85707492667,462012.85707492667,0.0,19.260163659481428,51.26581742254237,3,21,70.5259810819989,51.26581742251748,0.00015267269599432182
2014-02,2014-02-28,462021.4405302921,462021.4405302921,0.0,16.951924974556984,-8.368469609127054,4,19,8.583455365442205,-8.36846960911478,1.8578390696279234e-05
2014-03,2014-03-31,462235.32704339304,462235.32704339304,0.0,20.294210668176508,193.59230243270542,0,21,213.886513100937,193.5923024327605,0.0004629363365809291
2014-04,2014-04-30,462429.9791744652,462429.9791744652,0.0,12.20675956898822,182.445371503051,1,21,194.65213107212912,182.4453715031409,0.0004211104597244595
2014-05,2014-05-30,462633.93054014,462633.93054014,0.0,11.825035406134672,192.1263302687546,0,21,203.95136567484587,192.1263302687112,0.0004410426980511557
2014-06,2014-06-30,462865.45841696946,462865.45841696946,0.0,14.405044787920616,217.12283204157404,0,21,231.52787682943745,217.12283204151683,0.0005004558929759458
2014-07,2014-07-31,463081.0241712372,463081.0241712372,0.0,10.035987995327224,205.52976627254094,0,22,215.56575426773634,205.52976627240912,0.00046572011444748006
2014-08,2014-08-29,463300.4784285831,463300.4784285831,0.0,12.099284364888327,207.35497298107106,2,21,219.454257345933,207.35497298104468,0.0004739003454928519
2014-09,2014-09-30,463556.67774673476,463556.67774673476,0.0,8.886679203116204,247.31263894855772,0,21,256.19931815163,247.31263894851378,0.0005529873809338676
2014-10,2014-10-31,463735.6121626717,463735.6121626717,0.0,6.699985218426483,172.23443071869005,7,23,178.9344159369357,172.2344307185092,0.00038600331852990135
2014-11,2014-11-28,463821.9258698578,463821.9258698578,0.0,7.345276248906367,78.96843093728582,0,19,86.31370718608378,78.9684309371774,0.00018612697606628102
2014-12,2014-12-31,464091.8043934061,464091.8043934061,0.0,11.347946649868216,258.5305768984708,2,22,269.8785235483083,258.5305768984401,0.000581858054774307
2015-01,2015-01-30,464290.74559918063,464290.74559918063,0.0,11.480311773056675,187.46089400156845,2,20,198.94120577455033,187.46089400149364,0.0004286677848891936
2015-02,2015-02-27,464482.76534787973,464482.76534787973,0.0,6.968888075421755,185.0508606236649,0,19,192.01974869909463,185.0508606236729,0.00041357651540369945
2015-03,2015-03-31,464626.2420082552,465248.86297357274,-622.6209653175391,11.234303839972911,302.24235653546157,0,22,143.47666037548333,132.24235653551042,0.00030889555238508115
2015-04,2015-04-30,465042.80876550765,465042.80876550765,0.0,10.20805503547793,236.358702216942,0,21,416.56675725243986,406.35870221696194,0.0008965631287890935
2015-05,2015-05-29,465274.9064551127,465274.9064551127,0.0,5.817357380983743,226.28033222389175,0,20,232.09768960502697,226.28033222404324,0.0004990888693046311
2015-06,2015-06-30,465489.0860117717,465489.0860117717,0.0,5.690924020099604,208.48863263871,1,22,214.17955665901536,208.48863263891576,0.0004603290521099235
2015-07,2015-07-31,465813.8025095049,465813.8025095049,0.0,10.094613688268682,314.6218840449142,2,22,324.7164977331995,314.6218840449308,0.0006975813343236747
2015-08,2015-08-31,465001.4768765151,465001.4768765151,0.0,27.192386875697466,-839.5180198654882,7,21,-812.325632989814,-839.5180198655115,-0.0017438848497264925
2015-09,2015-09-30,465111.2527497712,465111.2527497712,0.0,9.691776853683715,100.08409640264132,6,21,109.77587325614877,100.08409640246505,0.00023607639699024148
2015-10,2015-10-30,465155.6341471425,465155.6341471425,0.0,1.8098970710117215,42.57150030034063,0,22,44.38139737129677,42.57150030028505,9.542103552410473e-05
2015-11,2015-11-30,465159.4704112852,465159.4704112852,0.0,45.75361594540415,-41.91735180274165,0,20,3.8362641426501796,-41.91735180275397,8.247270077001058e-06
2015-12,2015-12-31,465479.40540666314,465479.40540666314,0.0,90.42400613159325,229.5109892464675,1,22,319.93499537796015,229.5109892463669,0.0006877963703395734
2016-01,2016-01-29,465636.456996097,465636.456996097,0.0,89.32117586919362,67.7304135646483,5,19,157.0515894338605,67.73041356466688,0.00033739750375562453
2016-02,2016-02-29,465873.92027314054,465873.92027314054,0.0,124.28439198216103,113.17888506134591,2,20,237.4632770435419,113.17888506138087,0.000509975697726633
2016-03,2016-03-31,466218.68183603225,466218.68183603225,0.0,121.15688490319215,223.60467798866406,0,22,344.76156289171195,223.6046779885198,0.0007400319010980035
2016-04,2016-04-29,466376.9600823594,466376.9600823594,0.0,84.75395421616697,73.5242921109586,0,21,158.27824632712873,73.52429211096175,0.0003394935734960418
2016-05,2016-05-31,466590.2779073573,467246.50812572596,-656.2302183686671,109.34820249880296,273.9696224991258,0,21,213.31782499793917,103.96962249913621,0.00045739357484612556
2016-06,2016-06-30,466999.56176420394,466999.56176420394,0.0,107.24033100407591,132.04352584262554,3,22,409.283856846625,302.04352584254906,0.0008771804219373155
2016-07,2016-07-29,467180.529280965,467180.529280965,0.0,110.99945068922915,69.96806607173579,0,20,180.96751676104032,69.96806607181117,0.0003875111061719024
2016-08,2016-08-31,467571.42069488246,467571.42069488246,0.0,123.69860167931233,267.1928122381991,0,23,390.891413917474,267.19281223816165,0.0008367031359784896
2016-09,2016-09-30,468051.4979002557,468051.4979002557,0.0,115.23915937168553,364.8380460016285,0,21,480.0772053732653,364.83804600157976,0.0010267462554914015
2016-10,2016-10-31,468429.5299967639,468429.5299967639,0.0,127.05525820067282,250.97683830754818,0,21,378.0320965081919,250.97683830751907,0.0008076720151609312
2016-11,2016-11-30,468914.8548364382,468914.8548364382,0.0,170.46915767479845,314.85568199941775,5,21,485.3248396742856,314.85568199948716,0.0010360679858881622
2016-12,2016-12-30,469452.6604887773,469452.6604887773,0.0,196.3998029232055,341.4058494159183,0,21,537.8056523391278,341.4058494159224,0.0011469153659606698
2017-01,2017-01-31,470022.1073508443,470731.4033273132,-709.2959764688959,210.4954635462261,528.9513985205288,0,20,569.4468620669795,358.9513985207534,0.001213001671934486
2017-02,2017-02-28,470451.71592002135,470451.71592002135,0.0,190.52188150424604,69.08668767284178,0,19,429.6085691770422,239.0866876727962,0.0009140177929042906
2017-03,2017-03-31,471071.5273332959,471071.5273332959,0.0,290.36345285237115,329.44796042208316,0,23,619.8114132745541,329.4479604221829,0.0013174814594149008
2017-04,2017-04-28,471680.4341151761,471680.4341151761,0.0,290.5838894608469,318.32289241940197,2,19,608.906781880185,318.32289241933813,0.001292599417602599
2017-05,2017-05-31,472410.77913762134,472410.77913762134,0.0,379.19670473253547,351.1483177127404,0,22,730.3450224452536,351.1483177127181,0.0015483894807197284
2017-06,2017-06-30,473107.24645331455,473107.24645331455,0.0,384.80203346227216,311.6652822309985,0,22,696.4673156932113,311.6652822309391,0.0014742832857552524
2017-07,2017-07-31,473896.1050090185,473896.1050090185,0.0,432.85949894645245,355.999056757453,0,20,788.8585557039478,355.99905675749534,0.0016673990128405084
2017-08,2017-08-31,474629.4554007882,474629.4554007882,0.0,416.8312894960883,316.5191022736398,0,23,733.3503917697235,316.5191022736352,0.0015474919165156832
2017-09,2017-09-29,475409.3115388935,475409.3115388935,0.0,391.83676967395644,388.01936843142227,0,20,779.8561381052714,388.01936843131494,0.0016430841559269486
2017-10,2017-10-31,476044.5186772585,476834.67259883403,-790.1539215755338,452.0650935707934,353.1420447942819,0,22,635.2071383650182,183.14204479422477,0.0013361268341776085
2017-11,2017-11-30,477052.7215182183,477052.7215182183,0.0,485.5519975664619,352.65084339348516,0,21,1008.2028409597697,522.6508433933077,0.0021178751175649937
2017-12,2017-12-29,478084.9647585368,478084.9647585368,0.0,503.25183738912784,528.9914029293253,0,20,1032.243240318494,528.9914029293661,0.002163792792195764
2018-01,2018-01-31,475643.1634388412,476386.14529007225,-742.9818512310834,616.9266679172789,-2891.117928813988,0,21,-2441.8013196956017,-3058.7279876128805,-0.00510746310737646
2018-02,2018-02-28,476050.24020400894,476050.24020400894,0.0,573.7205904840564,-334.2538841151585,11,19,407.07676516775973,-166.64382531629667,0.000855844877964071
2018-03,2018-03-29,476594.7001716547,476789.9585784459,-195.25840679122274,647.7619712700114,0.0,6,21,544.4599676457583,-103.30200362425308,0.0011437027474504218
2018-04,2018-04-30,477556.9934258455,477556.9934258455,0.0,741.0755068604794,117.91574370604079,5,21,962.2932541908231,221.21774733034363,0.0020191018780616626
2018-05,2018-05-31,478391.97396295995,478391.97396295995,0.0,765.7918220883154,69.18871502608351,0,22,834.9805371144321,69.18871502611671,0.0017484416490784506
2018-06,2018-06-29,479165.2739140873,479165.2739140873,0.0,734.4634496943404,38.83650143288976,0,21,773.2999511273229,38.83650143298246,0.0016164567827536265
2018-07,2018-07-31,480329.52943845134,480329.52943845134,0.0,830.776505668295,333.47901869573,0,21,1164.2555243640672,333.4790186957722,0.0024297577219104037
2018-08,2018-08-31,481610.3477696566,481610.3477696566,0.0,841.4487099614272,439.3696212438312,0,23,1280.818331205286,439.3696212438589,0.002666540890589589
2018-09,2018-09-28,483076.24222695484,483076.24222695484,0.0,794.8302844170427,671.0641728812418,0,19,1465.8944572982145,671.0641728811719,0.0030437353850198395
2018-10,2018-10-31,482104.4267967259,482104.4267967259,0.0,991.5913052644435,-1963.4067354933738,12,23,-971.8154302289477,-1963.4067354933911,-0.0020117226749734826
2018-11,2018-11-30,483175.48372037325,483175.48372037325,0.0,936.3806381102535,134.6762855369203,5,21,1071.056923647353,134.6762855370995,0.0022216284773899256
2018-12,2018-12-31,482470.503812665,482470.503812665,0.0,984.5020216324906,-1689.4819293408411,13,19,-704.9799077082425,-1689.4819293407331,-0.0014590556256704314
2019-01,2019-01-31,483270.89976801845,483641.6710105056,-370.7712424871235,988.5594432296966,-49.380001968193966,4,21,800.3959553534514,-188.1634878762452,0.001658953136053746
2019-02,2019-02-28,484412.2175659684,484412.2175659684,0.0,899.6999491734267,102.83436286852864,0,19,1141.317797949945,241.61784877651837,0.0023616522296248436
2019-03,2019-03-29,485320.75281825237,485320.75281825237,0.0,942.8487173000983,-34.31346501619378,0,21,908.5352522839676,-34.31346501613075,0.0018755415725249355
2019-04,2019-04-30,486792.8163567291,486792.8163567291,0.0,1032.949155818815,439.114382657855,0,21,1472.0635384767083,439.11438265789343,0.003033176574313897
2019-05,2019-05-31,487844.1904743304,487844.1904743304,0.0,994.0069755937475,57.36714200753099,4,22,1051.3741176013136,57.367142007566144,0.0021597979310172296
2019-06,2019-06-28,488542.0433790771,488542.0433790771,0.0,837.910171348298,-140.0572666017459,1,20,697.8529047467164,-140.05726660158166,0.0014304831714162564
2019-07,2019-07-31,489854.77574045555,489854.77574045555,0.0,944.6971849093742,368.0351764690472,0,22,1312.7323613784392,368.03517646906505,0.002687040714651131
2019-08,2019-08-30,490956.5877941138,490956.5877941138,0.0,802.5906857228872,299.2213679353737,5,22,1101.8120536582428,299.2213679353556,0.0022492626554324467
2019-09,2019-09-30,491988.26790345326,491988.26790345326,0.0,808.8744765141458,222.80563282529002,0,20,1031.6801093394752,222.80563282532933,0.002101367279691372
2019-10,2019-10-31,493269.77215137443,493269.77215137443,0.0,707.6005535111033,573.9036944100143,0,23,1281.5042479211697,573.9036944100665,0.0026047455427791813
2019-11,2019-11-29,494130.6756973543,494130.6756973543,0.0,613.1195967868889,247.78394919297972,0,20,860.9035459798761,247.78394919298717,0.0017452996201755544
2019-12,2019-12-31,495240.99958079617,495240.99958079617,0.0,679.6877758954729,430.6361075464497,0,21,1110.323883441859,430.63610754638603,0.0022470248014351394
2020-01,2020-01-31,496289.2607883025,496289.2607883025,0.0,651.0470335007974,397.21417400534284,1,21,1048.2612075063516,397.21417400555424,0.0021166688711024883
2020-02,2020-02-28,495041.49515739677,495041.49515739677,0.0,596.6078467623897,-1844.3734776682807,5,19,-1247.7656309057493,-1844.373477668139,-0.002514190270657493
2020-03,2020-03-31,495226.56248727767,495226.56248727767,0.0,185.06732988080833,0.0,22,22,185.0673298808979,8.955680641520303e-11,0.0003738420550423886
2020-04,2020-04-30,495285.4548482473,495285.4548482473,0.0,58.892360969672296,0.0,17,21,58.89236096962122,-5.1073811846436e-11,0.0001189200366673267
2020-05,2020-05-29,495332.9292093421,495332.9292093421,0.0,47.47436109490157,0.0,0,20,47.47436109482078,-8.078870905592339e-11,9.585252429705746e-05
2020-06,2020-06-30,495411.54421666294,495411.54421666294,0.0,69.92201965231448,8.692987668520644,1,22,78.61500732082641,8.692987668511932,0.0001587114497845174
2020-07,2020-07-31,496148.9835425212,496148.9835425212,0.0,55.80806496449994,681.631260893842,0,22,737.4393258582568,681.6312608937568,0.0014885388410241518
2020-08,2020-08-31,496622.2358649698,496622.2358649698,0.0,43.916787520402835,429.3355349280654,0,21,473.25232244859217,429.3355349281893,0.0009538512385323335
2020-09,2020-09-30,497485.04667413543,497485.04667413543,0.0,44.93921986768052,817.8715892979233,0,21,862.8108091656468,817.8715892979662,0.0017373583920641093
2020-10,2020-10-30,498077.37770275684,498077.37770275684,0.0,41.24647157082834,551.0845570507538,4,22,592.331028621411,551.0845570505826,0.001190650920226356
2020-11,2020-11-30,498498.1352510412,498498.1352510412,0.0,39.200052008936076,381.5574962754366,3,20,420.75754828436766,381.55749627543156,0.0008447634185374864
2020-12,2020-12-31,499030.7273467678,499030.7273467678,0.0,37.033950977516156,495.5581447491892,0,22,532.5920957265771,495.55814474906094,0.0010683933560922275
2021-01,2021-01-29,499243.204959285,499243.204959285,0.0,34.7204707692393,177.7571417479159,1,19,212.47761251719203,177.75714174795274,0.000425780620056979
2021-02,2021-02-26,500395.7390764163,500395.7390764163,0.0,17.929134240157023,1134.6049828911214,0,19,1152.5341171313194,1134.6049828911623,0.002308562451491578
2021-03,2021-03-31,501527.7516058174,501527.7516058174,0.0,14.623906734530346,1117.3886226665954,0,23,1132.0125294011086,1117.3886226665784,0.002262234549579642
2021-04,2021-04-30,502224.07558499346,502224.07558499346,0.0,9.488896424464912,686.8350827515766,0,21,696.323979176057,686.8350827515922,0.001388405680336793
2021-05,2021-05-28,502986.2160918776,502986.2160918776,0.0,6.570368366612162,755.570138517572,0,20,762.1405068841414,755.5701385175292,0.001517530807332157
2021-06,2021-06-30,504100.7212953502,504100.7212953502,0.0,14.98584268442952,1099.5193607881945,0,22,1114.5052034725668,1099.5193607881372,0.002215776830093067
2021-07,2021-07-30,504832.9909515444,504832.9909515444,0.0,21.60722192353254,710.6624342707858,0,21,732.2696561941993,710.6624342706668,0.0014526256862171124
2021-08,2021-08-31,505856.5178739803,507417.61513019225,-1561.0972562119787,25.165212947334616,1168.3617094885572,0,22,1023.5269224359072,998.3617094885726,0.002027456487157649
2021-09,2021-09-30,507064.7724989367,507064.7724989367,0.0,17.758844673765072,1020.4957802827412,0,21,1208.2546249564039,1190.4957802826389,0.0023885322858633326
2021-10,2021-10-29,507817.1765786418,507817.1765786418,0.0,20.60917125622763,731.7949084489214,0,21,752.4040797051275,731.7949084488998,0.0014838421450520019
2021-11,2021-11-30,508567.63615023415,508567.63615023415,0.0,23.464402769636454,726.9951688227832,0,21,750.4595715923351,726.9951688226987,0.0014778144698619053
2021-12,2021-12-31,509851.0867532761,509851.0867532761,0.0,26.622420293278726,1256.8281827486553,1,22,1283.4506030419725,1256.8281827486937,0.0025236576451412905
2022-01,2022-01-31,507637.43293701,507637.43293701,0.0,58.0365780707065,-2271.6903943367724,1,20,-2213.653816266102,-2271.6903943368084,-0.004341765416962461
2022-02,2022-02-28,507285.60968254413,508448.30356701487,-1162.6938844707286,126.30196848218247,-308.12522294814323,2,19,-351.8232544658822,-478.1252229480647,-0.0006930601087283058
2022-03,2022-03-31,508213.19724834117,508213.19724834117,0.0,185.64074950101377,571.9468162959498,4,23,927.5875657970319,741.9468162960181,0.001828531202329019
2022-04,2022-04-29,508196.8825560957,508196.8825560957,0.0,296.5098427762678,-312.82453502173746,1,20,-16.314692245447077,-312.8245350217149,-3.2102063334405725e-05
2022-05,2022-05-31,509335.63201483333,509887.6923092669,-552.0602944335639,432.91488011159765,875.8345786260354,1,21,1138.7494587376132,705.8345786260155,0.002240764353000367
2022-06,2022-06-30,510160.485078231,510160.485078231,0.0,607.1667884649881,47.686274932679595,0,21,824.8530633976916,217.68627493270344,0.0016194686009591206
2022-07,2022-07-29,511092.35592957796,511092.35592957796,0.0,876.7140832458535,55.15676810084631,0,20,931.8708513469319,55.15676810107834,0.0018266229521951966
2022-08,2022-08-31,512592.11827778094,512592.11827778094,0.0,1210.0805409224445,289.6818072805961,0,23,1499.7623482029885,289.68180728054404,0.0029344253162918305
2022-09,2022-09-30,514014.8758793643,514014.8758793643,0.0,1320.5600287808759,102.19757280258304,3,21,1422.7576015833765,102.19757280250064,0.002775613496289391
2022-10,2022-10-31,516101.41232765757,516101.41232765757,0.0,1614.595110491578,471.9413378017233,3,21,2086.536448293249,471.9413378016711,0.004059291950886932
2022-11,2022-11-30,518273.35103816714,518273.35103816714,0.0,1789.4717419820338,382.46696852753223,0,21,2171.9387105095666,382.4669685275328,0.004208356455980142
2022-12,2022-12-30,520342.6796002406,520342.6796002406,0.0,1844.6289730896256,224.69958898386258,0,21,2069.3285620734678,224.6995889838422,0.003992735798451417
2023-01,2023-01-31,522638.07384347526,523523.6666728452,-885.5928293699425,2098.814673085768,366.5795701488823,0,20,2295.394243234652,196.57957014888416,0.004411312646885156
2023-02,2023-02-28,525136.1896172847,525136.1896172847,0.0,1905.021582018897,423.0941917902866,0,19,2498.1157738094334,593.0941917905363,0.004779819723883327
2023-03,2023-03-31,527884.603850536,527884.603850536,0.0,2140.8974358159016,607.5167974355162,0,23,2748.4142332513584,607.5167974354567,0.0052337170577681615
2023-04,2023-04-28,530992.6580372108,530992.6580372108,0.0,2026.142699270929,1081.9114874037411,0,19,3108.0541866747662,1081.9114874038373,0.005887753050579162
2023-05,2023-05-31,534225.2050347682,534225.2050347682,0.0,2514.2197265406908,718.3272710169274,0,22,3232.546997557394,718.3272710167034,0.006087743302339341
2023-06,2023-06-30,537469.6539489676,537469.6539489676,0.0,2320.1691409828045,924.2797732165623,0,21,3244.448914199369,924.2797732165645,0.006073185771884752
2023-07,2023-07-31,540556.6987019865,540556.6987019865,0.0,2451.6730005810828,635.3717524379459,0,20,3087.044753018883,635.3717524378003,0.005743663349804668
2023-08,2023-08-31,543662.4973405652,543662.4973405652,0.0,2490.3178653685604,615.4807732103827,0,23,3105.798638578737,615.4807732101767,0.005745555731779009
2023-09,2023-09-29,546409.9538377445,546409.9538377445,0.0,2355.040517301473,392.4159798780813,0,20,2747.4564971793443,392.41597987787145,0.005053606806831595
2023-10,2023-10-31,549352.661045486,550537.876921203,-1185.2158757169536,2618.4494513164377,494.2577564252123,0,22,2942.7072077414487,324.25775642501094,0.005385530016562034
2023-11,2023-11-30,549379.135153577,549379.135153577,0.0,2438.2560066311353,-2581.781898540107,0,21,26.47410809097346,-2411.781898540162,4.819146236697927e-05
2023-12,2023-12-29,551073.2267543583,551073.2267543583,0.0,2344.277064947978,-650.1854641663848,0,20,1694.0916007813066,-650.1854641666714,0.0030836475074862996
2024-01,2024-01-31,554455.015052177,555744.189307849,-1289.174255671985,2670.1041788216,756.3306831066751,0,21,3381.788297818741,711.684118997141,0.006136731261172625
2024-02,2024-02-29,557486.0750344025,557486.0750344025,0.0,2363.4043066835707,623.0091114321976,0,20,3031.0599822255317,667.655675541961,0.005466737426732976
2024-03,2024-03-28,560566.2395916266,560566.2395916266,0.0,2297.3751698287037,782.7893873953183,0,20,3080.164557224023,782.7893873953194,0.005525096850237821
2024-04,2024-04-30,563941.9239808293,563941.9239808293,0.0,2721.457894090505,654.2264951121759,0,22,3375.684389202739,654.2264951122343,0.006021918822050238
2024-05,2024-05-31,567210.5096289519,567210.5096289519,0.0,2577.3165883025285,691.2690598200182,0,22,3268.585648122593,691.2690598200643,0.005795961444132154
2024-06,2024-06-28,569678.9221382377,569678.9221382377,0.0,2340.321167286364,128.0913419994568,0,19,2468.412509285845,128.09134199948085,0.004351845509528004
2024-07,2024-07-31,572739.2946404138,572739.2946404138,0.0,2750.299703824625,310.072798351204,0,22,3060.372502176091,310.0727983514662,0.0053721006399346195
2024-08,2024-08-30,576134.9771643023,576134.9771643023,0.0,2443.2593358352437,952.4231880530058,4,22,3395.6825238884194,952.4231880531756,0.005928845035890806
2024-09,2024-09-30,578953.0387130915,578953.0387130915,0.0,2392.017716362435,426.0438324267759,0,20,2818.0615487892646,426.0438324268298,0.0048913217570291856
2024-10,2024-10-31,582028.7779483446,582028.7779483446,0.0,2273.911830049352,801.8274052038901,1,23,3075.7392352530733,801.8274052037214,0.005312588465015899
2024-11,2024-11-29,585542.2247814762,585542.2247814762,0.0,2094.5119233384776,1418.934909793162,3,20,3513.446833131602,1418.9349097931245,0.006036551741507569
2024-12,2024-12-31,589021.5205926461,589021.5205926461,0.0,2253.340446074608,1225.9553650952303,1,21,3479.295811169897,1225.9553650952894,0.0059420066801644696
2025-01,2025-01-31,592356.4673687852,592356.4673687852,0.0,2157.339571014968,1177.6072051239262,0,20,3334.9467761390842,1177.6072051241163,0.0056618419863227
2025-02,2025-02-28,593885.1847905098,593885.1847905098,0.0,1960.3451267508742,-431.62770502660635,0,19,1528.7174217245774,-431.6277050262968,0.0025807389738058506
2025-03,2025-03-31,597044.7400849067,597044.7400849067,0.0,2166.8155823088305,992.739712088371,9,21,3159.555294396938,992.7397120881074,0.0053201449965643716
2025-04,2025-04-30,599749.3645310679,599749.3645310679,0.0,2113.2987872146496,591.3256589466752,17,21,2704.6244461612077,591.3256589465582,0.004530019719755975
2025-05,2025-05-30,601820.4375458846,601820.4375458846,0.0,2135.0925329908814,-64.01951817416216,0,21,2071.073014816735,-64.01951817414647,0.0034532308615884333
2025-06,2025-06-30,604091.9287596339,604091.9287596339,0.0,2212.664964388351,58.82624936093279,0,20,2271.4912137492793,58.82624936092816,0.0037743670238452043
2025-07,2025-07-31,606399.869114084,606399.869114084,0.0,2224.8595833671443,83.08077108299327,0,22,2307.94035445014,83.08077108299585,0.003820511820426029
2025-08,2025-08-29,610399.6972427561,610399.6972427561,0.0,2045.3933617949747,1954.4347668773817,0,21,3999.8281286720885,1954.4347668771138,0.00659602406332246
2025-09,2025-09-30,613747.538529767,613747.538529767,0.0,2163.479804434713,1184.3614825761288,0,21,3347.841287010815,1184.361482576102,0.0054846706217801045
2025-10,2025-10-31,617037.4307033435,617037.4307033435,0.0,2044.4599233510053,1245.4322502253458,1,23,3289.892173576518,1245.4322502255127,0.005360334611618092
2025-11,2025-11-28,620132.9215862564,620132.9215862564,0.0,1829.6172198964864,1265.8736630163403,2,19,3095.4908829128835,1265.8736630163971,0.005016698710456546
2025-12,2025-12-31,624545.5905356486,624545.5905356486,0.0,2071.8449271963173,2340.8240221957185,0,22,4412.668949392275,2340.8240221959577,0.00711568245418253
2026-01,2026-01-30,627839.3278676816,627839.3278676816,0.0,1870.5451624157781,1423.192169617415,0,20,3293.7373320329934,1423.1921696172153,0.005273814084906247
2026-02,2026-02-27,630921.2641230788,630921.2641230788,0.0,1773.7720995292225,1308.1641558679817,0,19,3081.9362553971587,1308.1641558679362,0.004908797710816043
2026-03,2026-03-31,633254.2081179116,633254.2081179116,0.0,2042.0997132980428,290.8442815346704,9,22,2332.943994832807,290.8442815347644,0.0036976785020479217
2026-04,2026-04-30,633969.527735005,633969.527735005,0.0,1920.1657299382025,-1204.8461128448043,1,21,715.3196170934243,-1204.8461128447782,0.001129593152202523
2026-05,2026-05-29,636973.5763533866,636973.5763533866,0.0,1854.0931761988782,1149.9554421828773,0,20,3004.04861838161,1149.955442182732,0.004738474779875039
2026-06,2026-06-30,640749.1932157396,640749.1932157396,0.0,2086.094926136106,1689.5219362165294,0,21,3775.6168623529375,1689.5219362168314,0.005927430905325754
2026-07,2026-07-31,644650.2447740118,644650.2447740118,0.0,2077.4366754333537,1823.6148828388605,0,22,3901.0515582722146,1823.614882838861,0.006088266047896114
2026-08,2026-08-31,648072.9779790641,648072.9779790641,0.0,2080.4977261277772,1342.235478924719,0,21,3422.7332050523255,1342.2354789245483,0.005309442186362928
2026-09,2026-09-09,649078.8996346749,650831.1822973578,-1752.2826626829203,614.3756132873216,0.0,0,6,1005.9216556107858,391.54604232346423,0.001552173427671107
