cycle,obs_net_in,synth_net_in,hs_sum_in,vix_in,date_in,substituted_in,obs_net_out,synth_net_out,hs_sum_out,vix_out,date_out,substituted_out
2,0.7550,1.5826,1.3050,19.0600,2010-03-02,False,0.3800,0.7366,0.3400,17.7700,2010-03-26,False
3,0.5350,1.6698,0.6650,16.2300,2010-04-06,False,0.5950,0.7970,0.9850,22.0500,2010-04-30,False
4,0.8000,1.5039,2.0100,23.8400,2010-05-04,False,1.1050,1.3687,1.3050,32.0700,2010-05-28,False
5,0.4500,1.1535,2.1000,30.1700,2010-06-02,False,-0.0200,0.1180,0.5000,28.5300,2010-06-25,False
6,0.6000,1.5944,1.6000,29.6500,2010-07-06,False,0.1500,0.4724,0.2400,23.5000,2010-07-30,False
7,0.7200,1.1128,1.6900,22.6300,2010-08-03,False,0.1500,0.2406,0.4000,24.4500,2010-08-27,False
8,0.7400,1.6045,1.2700,26.0500,2010-08-31,False,1.5100,2.3223,0.4500,21.7100,2010-09-24,False
9,0.8150,1.6973,2.0550,21.7600,2010-10-05,False,0.1850,0.2487,0.3150,21.2000,2010-10-29,False
10,0.7350,1.5124,1.5850,21.5700,2010-11-02,False,0.1750,0.1557,0.3850,18.3700,2010-11-22,False
11,0.6050,1.4579,1.7950,17.9900,2010-12-07,True,0.2950,0.3035,0.2950,17.7500,2010-12-31,False
12,0.6200,1.7652,1.4300,17.3800,2011-01-04,False,0.0850,0.2783,0.6550,16.1500,2011-01-27,False
13,0.4950,1.2716,1.8450,17.6300,2011-02-01,True,0.2400,0.3653,0.8500,19.2200,2011-02-25,False
14,0.5450,1.4907,1.5450,21.0100,2011-03-01,False,0.1900,0.1011,0.3200,18.0000,2011-03-24,False
15,0.5650,1.8711,1.7850,17.2500,2011-04-05,True,0.1000,0.2175,0.6100,15.6200,2011-04-26,True
16,0.7450,2.1303,1.2450,16.7000,2011-05-03,False,0.4700,0.3762,0.5800,16.0900,2011-05-26,False
17,0.5950,1.5811,1.5150,15.4500,2011-05-31,False,1.4050,1.8195,1.1550,21.1000,2011-06-24,False
18,0.4350,1.5790,2.3150,16.0600,2011-07-05,False,1.0300,1.6997,0.8500,25.2500,2011-07-29,False
19,0.6950,1.4590,1.8850,34.6000,2011-09-14,False,0.9700,1.0217,0.8800,42.9600,2011-09-30,False
20,0.5600,1.2913,2.5400,37.8100,2011-10-05,True,0.3250,0.9596,0.8150,24.5300,2011-10-28,True
21,0.5000,0.6133,2.4400,32.7400,2011-11-02,True,0.3050,0.3138,1.2450,34.4700,2011-11-25,True
22,0.8000,1.8735,1.6000,28.1300,2011-12-06,True,0.0850,0.1124,0.3350,20.7300,2011-12-23,True
23,0.6800,1.4696,1.4100,22.9700,2012-01-03,True,0.0900,0.0271,0.2100,18.5300,2012-01-27,True
24,0.2900,1.3573,3.3000,19.4400,2012-01-31,True,0.0300,0.0851,0.8700,17.3100,2012-02-24,False
25,0.5250,1.7162,2.1250,20.8700,2012-03-06,False,0.2950,0.1709,0.6050,15.4800,2012-03-29,False
26,1.0600,2.2534,1.1200,15.6600,2012-04-03,False,0.4150,0.4945,0.8250,16.8200,2012-04-25,False
27,0.7050,2.0452,1.7250,16.6000,2012-05-01,False,1.8000,1.8859,1.4500,21.7600,2012-05-25,False
28,0.5650,1.5926,1.5650,24.6800,2012-06-05,False,0.0300,0.1816,0.3300,20.3800,2012-06-25,False
29,0.9250,1.9455,1.2750,16.6600,2012-07-03,True,0.2450,0.2378,0.7950,17.5300,2012-07-26,False
30,0.8750,2.0881,1.7350,15.9900,2012-08-07,False,0.2700,0.4045,1.2600,16.3500,2012-08-27,False
31,1.5250,2.1159,2.2250,17.9800,2012-09-04,False,0.1600,0.3363,1.2800,15.4300,2012-09-25,False
32,0.6650,2.0123,1.8750,15.7100,2012-10-02,False,0.3000,0.6122,0.7000,17.8100,2012-10-26,False
33,0.4650,1.7947,1.0950,17.5800,2012-11-06,False,0.2300,0.2295,0.5700,15.5100,2012-11-28,False
34,0.9850,1.8507,1.1350,17.1200,2012-12-04,False,0.5800,1.2211,0.9200,22.7200,2012-12-28,False
35,0.6450,1.9848,1.3650,14.6800,2013-01-02,False,0.2300,0.2587,0.5900,12.4300,2013-01-22,False
36,0.6450,1.6725,1.6550,13.3100,2013-01-29,True,0.0950,0.3396,0.6650,14.1700,2013-02-22,True
37,0.7800,1.8870,1.6300,13.4800,2013-03-05,False,0.1550,0.3093,0.2150,12.7000,2013-03-28,False
38,0.8050,2.0432,1.2950,12.7800,2013-04-02,False,0.2450,0.3718,0.3050,13.6100,2013-04-26,False
39,0.7450,1.4068,1.4050,12.8300,2013-05-07,True,0.2050,0.5092,1.2050,16.3000,2013-05-31,False
40,0.9700,1.9038,1.5300,16.2700,2013-06-04,False,0.2450,0.3699,0.7050,16.8600,2013-06-28,False
41,0.7150,1.9219,1.5750,16.4400,2013-07-02,False,0.3350,0.8158,0.6950,12.7200,2013-07-26,False
42,1.1800,2.0370,1.2200,12.7200,2013-08-06,False,1.5700,1.6769,1.0200,17.0100,2013-08-30,False
43,1.0150,1.8630,1.7750,16.6100,2013-09-03,False,0.4500,0.7604,0.8500,15.4600,2013-09-27,False
44,0.9250,1.6266,1.4750,15.5400,2013-10-01,True,0.2550,0.6529,0.9150,13.0900,2013-10-25,False
45,1.0900,2.4332,1.1500,13.2700,2013-11-05,False,0.5500,1.0524,0.5000,13.7000,2013-11-29,False
46,0.9400,2.1449,1.7600,14.5500,2013-12-03,True,0.2250,0.3591,1.3150,12.4800,2013-12-24,False
47,1.0650,2.2637,1.3750,12.9200,2014-01-07,False,1.5700,2.0598,1.2600,18.4100,2014-01-31,False
48,1.0800,2.2321,1.5100,17.2300,2014-02-06,False,0.5200,1.5147,1.6800,14.0000,2014-02-28,False
49,0.8350,2.3327,1.4250,16.0000,2014-03-03,False,0.2700,0.4380,0.9800,15.0900,2014-03-24,False
50,0.9300,2.3020,1.6700,13.1000,2014-04-01,False,0.0850,0.4711,1.1750,13.1900,2014-04-22,False
51,1.1500,2.2596,1.2500,13.8000,2014-05-06,False,0.2300,0.4686,0.8900,11.3600,2014-05-23,False
52,1.1600,2.4891,1.9500,11.8700,2014-06-03,False,0.5000,0.5340,0.8400,11.6300,2014-06-26,False
53,0.8500,2.4770,1.7500,11.1500,2014-07-01,True,0.4050,0.4319,1.1050,11.5200,2014-07-23,True
54,0.9600,2.2241,2.0700,16.8700,2014-08-05,False,0.1050,0.4391,1.2050,11.7800,2014-08-27,False
55,1.0550,2.4673,1.8450,12.2500,2014-09-02,True,0.4750,0.5122,1.0250,13.2700,2014-09-24,True
56,0.6800,2.2312,1.6200,17.2000,2014-10-07,False,0.5050,0.4177,0.4050,14.3900,2014-10-28,False
57,0.6950,1.3902,1.8450,14.8900,2014-11-04,True,0.1000,0.0677,1.0000,12.2500,2014-11-25,True
58,1.5050,3.3288,2.4050,12.8500,2014-12-02,True,0.2300,1.0229,1.3300,14.8000,2014-12-23,True
59,0.9050,2.3104,1.5050,21.1200,2015-01-06,False,0.1250,0.4816,0.7250,16.6600,2015-01-23,False
60,0.9550,2.7617,1.7550,17.3300,2015-02-03,True,0.4350,0.4526,1.2250,14.5600,2015-02-23,True
61,0.8850,2.9728,1.6750,13.8600,2015-03-03,True,0.5050,0.5343,0.8050,13.0200,2015-03-20,True
62,0.8250,2.6084,1.3250,15.2900,2015-03-31,False,0.2250,0.5867,1.1350,12.6000,2015-04-16,False
63,1.1500,2.6324,1.5100,14.3100,2015-05-05,False,0.2450,0.6436,0.8450,12.1300,2015-05-22,False
64,1.1900,2.2374,1.0100,14.2400,2015-06-02,True,0.4550,0.2978,0.7550,12.7400,2015-06-22,True
65,0.9800,2.1186,1.4200,16.0900,2015-07-07,True,0.3750,0.4590,1.1750,12.2200,2015-07-21,True
66,0.9500,1.8629,1.1100,12.2200,2015-07-21,False,0.4150,0.3984,1.0850,12.1200,2015-07-31,False
67,1.0550,2.6205,1.3450,13.0000,2015-08-04,False,4.1700,5.2069,2.6300,26.0500,2015-08-28,False
68,2.0100,1.6298,3.2600,26.0900,2015-09-02,False,0.1400,0.0991,0.5600,20.1400,2015-09-21,False
69,0.7750,1.9214,1.6750,19.4000,2015-10-06,False,-0.0450,0.3486,0.8950,15.4300,2015-10-27,False
70,0.5800,0.7751,0.8800,14.5400,2015-11-03,False,0.0500,0.0550,0.2500,15.1200,2015-11-27,False
71,0.9750,2.4225,1.0250,14.6700,2015-12-01,False,0.4300,0.4479,0.8200,15.5700,2015-12-23,False
72,0.9750,2.5065,1.0750,19.3400,2016-01-05,False,0.7300,0.7069,0.8400,20.2000,2016-01-29,False
73,0.9200,2.0012,1.0300,21.9800,2016-02-02,False,0.2550,0.3122,0.5950,19.3800,2016-02-22,False
74,0.7900,1.6831,1.1600,17.7000,2016-03-01,True,0.1250,0.1392,0.5350,13.7900,2016-03-21,True
76,0.9700,2.3000,1.0800,15.6000,2016-05-03,True,0.4500,0.6437,0.6400,15.2000,2016-05-20,True
77,1.0250,2.8314,0.9650,14.1900,2016-05-31,True,2.1000,3.8709,1.4800,25.7600,2016-06-24,True
78,0.6150,1.3708,1.2050,15.5800,2016-07-05,True,0.1350,0.0757,0.8250,12.8300,2016-07-27,False
79,1.3700,3.2995,0.9700,13.3700,2016-08-02,False,0.4950,0.9928,0.8150,12.1900,2016-08-17,False
80,1.0400,1.9796,0.8500,12.1900,2016-08-17,False,0.7900,0.8081,0.9500,13.6500,2016-08-26,False
81,1.2200,3.5270,1.1300,12.0200,2016-09-06,False,0.8350,0.9077,0.6250,12.0200,2016-09-22,False
82,1.4800,2.7325,1.1200,13.6300,2016-10-04,False,0.5200,0.6256,0.7200,13.3400,2016-10-21,False
83,0.9850,2.1982,1.2250,18.5600,2016-11-01,False,0.0800,0.3859,0.8200,12.8500,2016-11-18,False
84,1.4100,3.6461,1.2500,11.7900,2016-12-06,False,0.6800,0.9731,0.8700,12.9500,2016-12-28,False
85,1.4500,3.3011,1.2100,12.8500,2017-01-03,False,0.6300,1.0081,0.9200,11.8700,2017-01-17,False
86,1.1300,2.2992,1.2800,11.8700,2017-01-17,False,0.6350,0.3921,0.9550,10.6300,2017-01-26,False
87,1.1800,3.0796,0.9300,11.9900,2017-01-31,False,1.4200,1.8289,0.9700,11.4700,2017-02-24,False
88,1.1700,3.5035,0.9900,11.4500,2017-03-07,False,0.5200,0.9845,0.9900,12.5000,2017-03-27,False
89,1.1700,2.9447,1.3300,11.7900,2017-04-04,False,0.2500,0.4005,0.5400,10.8400,2017-04-24,False
90,1.3050,3.1473,0.7450,10.5900,2017-05-02,False,0.4700,0.6282,0.3700,10.9300,2017-05-22,False
91,1.3950,3.2297,0.6550,10.4500,2017-06-06,False,0.5200,0.9564,0.7400,10.4800,2017-06-22,False
92,1.0700,3.0218,0.5700,11.0700,2017-07-05,False,0.3600,0.7356,0.4100,9.3600,2017-07-21,False
93,1.0450,3.1097,0.5050,10.0900,2017-08-01,False,0.6400,0.8070,0.4700,11.3500,2017-08-22,False
94,1.2350,3.2253,0.6950,12.2300,2017-09-05,False,0.2850,0.6502,0.3750,9.6700,2017-09-21,False
95,1.4600,3.7882,0.6000,9.5100,2017-10-03,True,0.8500,1.3347,0.4400,11.2300,2017-10-25,False
96,1.4550,3.4846,0.4950,10.1800,2017-10-31,False,0.6450,0.6388,0.3450,10.6500,2017-11-20,False
97,1.2000,3.6700,0.6000,11.3300,2017-12-05,False,0.3400,0.7505,0.5600,10.2500,2017-12-26,False
98,1.2700,3.9502,0.6600,9.7700,2018-01-02,False,22.9450,23.9255,2.8850,11.0800,2018-01-26,False
99,1.4800,3.1834,0.7900,14.7900,2018-01-30,True,0.8200,1.1988,0.4600,16.4900,2018-02-23,True
100,0.5400,0.9902,0.5200,18.3600,2018-03-06,True,0.3800,0.6760,0.6200,23.6200,2018-04-02,True
101,1.2300,2.6044,0.9700,20.0600,2018-04-04,False,0.3000,0.5790,0.4900,15.2500,2018-04-17,False
102,0.3400,0.5556,0.5000,15.2500,2018-04-17,False,0.1350,0.1810,0.2250,15.4100,2018-04-27,False
103,0.5300,1.2081,0.3200,15.4900,2018-05-01,False,0.1100,0.0220,0.2400,13.2200,2018-05-25,False
104,0.7800,1.6461,0.3600,12.4000,2018-06-05,True,0.5300,0.5361,0.3200,16.0900,2018-06-29,True
105,1.1950,3.3269,0.5050,16.1400,2018-07-03,False,0.3500,1.0377,0.2000,12.6200,2018-07-23,False
106,1.5600,4.0514,0.2900,10.9300,2018-08-07,False,0.5700,1.1631,0.2700,12.8600,2018-08-31,False
107,1.4400,4.4975,0.3500,13.1600,2018-09-04,True,0.5500,0.9892,0.2900,11.7500,2018-09-19,True
108,1.1100,2.8532,0.3200,11.7500,2018-09-19,False,0.8250,0.6969,0.3150,12.1200,2018-09-28,False
109,1.7600,4.3919,0.3500,12.0500,2018-10-02,False,17.2200,17.7294,1.9700,24.1600,2018-10-26,False
110,0.3950,0.7110,0.2950,16.3600,2018-11-07,False,0.2500,0.1430,0.3000,18.0700,2018-11-30,False
111,1.0550,2.5893,0.5550,20.7400,2018-12-04,False,3.6000,3.9990,0.6500,28.3400,2018-12-28,False
112,0.3250,0.7626,0.3850,21.3800,2019-01-04,False,0.1000,0.0310,0.2500,17.4200,2019-01-25,False
113,0.9000,1.7676,0.4000,19.1300,2019-01-29,False,0.1300,0.2659,0.2700,14.4600,2019-02-21,False
114,0.6850,1.1249,0.3250,14.6300,2019-03-04,True,0.1100,0.0530,0.2000,14.4300,2019-03-28,True
115,1.4400,3.4577,0.3100,13.3600,2019-04-02,True,0.5450,1.1411,0.2050,12.0900,2019-04-18,False
116,1.5000,3.3056,0.3700,16.0400,2019-05-10,False,1.9900,2.5076,0.3300,18.7100,2019-05-31,False
117,1.4050,3.2146,0.3950,16.9700,2019-06-04,False,1.6800,3.3820,0.3200,15.0800,2019-06-28,False
118,1.7050,3.8480,0.4350,12.9300,2019-07-02,True,0.6000,1.0565,0.2500,13.5300,2019-07-22,False
119,1.5500,3.2008,0.6100,19.4900,2019-08-07,False,0.3500,0.8175,0.3000,15.8000,2019-08-21,False
120,0.6500,1.1022,0.3000,15.8000,2019-08-21,False,0.6550,0.9651,0.2950,18.9800,2019-08-30,False
121,1.0400,2.1448,0.3400,19.6600,2019-09-03,False,0.2450,0.4386,0.2150,14.4400,2019-09-17,False
122,1.6550,2.7820,0.2950,14.4400,2019-09-17,False,1.7150,1.8364,0.4250,17.2200,2019-09-27,False
123,1.6550,3.6642,0.3550,18.5600,2019-10-01,False,0.3800,0.7724,0.2600,14.5700,2019-10-14,False
124,1.2150,2.3432,0.3550,14.5700,2019-10-14,False,0.3550,0.2181,0.2050,12.6500,2019-10-25,False
125,1.7050,3.2681,0.3550,13.1000,2019-11-05,True,0.5500,0.6071,0.2000,12.3400,2019-11-22,True
126,1.9350,3.7555,0.4850,15.9600,2019-12-03,True,0.7950,2.3161,0.1950,13.4300,2019-12-27,False
127,1.7750,4.2524,0.4250,13.7900,2020-01-07,False,1.1250,2.5435,0.5150,18.8400,2020-01-31,False
128,2.0000,4.0621,0.4000,16.0500,2020-02-04,False,13.6950,18.1993,8.4050,40.1100,2020-02-28,False
129,0.6050,1.1931,0.9550,36.0900,2020-06-12,True,0.1100,0.1373,0.3500,34.7300,2020-06-26,True
130,1.9550,5.0352,0.4450,29.4300,2020-07-07,True,0.4750,1.9013,0.3250,26.0800,2020-07-23,True
131,2.1600,5.8793,0.3400,23.7600,2020-08-04,True,0.6600,2.1137,0.2800,22.5400,2020-08-21,True
133,1.9700,4.3276,0.3700,25.8500,2020-09-14,False,0.9400,0.9925,0.3100,26.3800,2020-09-25,False
134,2.1100,5.1637,0.7600,29.4800,2020-10-06,True,1.7150,2.5617,0.8250,38.0200,2020-10-30,True
135,1.9450,4.5732,0.7450,29.5700,2020-11-04,True,0.5850,1.5237,0.3450,23.1100,2020-11-19,True
136,2.8500,5.3972,0.5500,20.7700,2020-12-01,False,1.0100,1.9377,0.4800,24.2300,2020-12-22,False
137,1.9250,5.2204,0.4850,25.3400,2021-01-05,False,0.4750,1.9013,0.3250,21.3200,2021-01-21,False
138,2.1250,5.6826,0.6250,25.5600,2021-02-02,True,0.5800,1.9190,0.3800,21.4600,2021-02-16,True
139,1.9150,4.5906,0.4250,21.4600,2021-02-16,False,1.2850,1.4148,0.4650,21.3400,2021-02-24,False
140,2.1200,5.8396,0.6300,24.1000,2021-03-02,True,0.9050,2.3213,0.3450,20.0300,2021-03-15,True
141,2.2450,4.8920,0.4950,20.0300,2021-03-15,True,1.1000,1.5448,0.4400,18.8800,2021-03-22,True
142,2.4050,5.5991,0.5450,18.1200,2021-04-06,True,0.8650,2.2221,0.3650,17.6400,2021-04-26,True
143,2.1800,5.7956,0.6100,19.4800,2021-05-04,True,1.2950,1.9288,0.4550,20.1500,2021-05-21,True
144,2.1300,6.0815,0.5700,17.9000,2021-06-01,True,0.8800,2.4319,0.3700,16.3900,2021-06-14,True
145,1.9200,5.4147,0.3900,16.3900,2021-06-14,True,1.0100,1.4230,0.3800,16.3200,2021-06-23,True
146,2.1500,6.4784,0.4500,16.4400,2021-07-06,True,0.7650,2.2088,0.3150,17.5800,2021-07-26,False
147,2.3300,6.6355,0.5300,18.0400,2021-08-03,True,1.0750,2.9735,0.2950,15.4500,2021-08-13,True
148,2.2050,5.9898,0.3550,15.4500,2021-08-13,False,1.1800,1.8673,0.3200,16.7900,2021-08-25,False
150,2.3500,5.9195,0.5000,21.3000,2021-10-05,True,0.7000,2.4143,0.3000,16.3100,2021-10-18,True
151,2.5000,5.3145,0.3500,16.3100,2021-10-18,False,1.0250,2.5770,0.4250,16.2600,2021-10-29,False
152,2.8000,7.1629,0.4500,16.0300,2021-11-02,True,1.0750,2.4805,0.2750,18.5800,2021-11-24,False
153,2.2250,6.2976,1.8750,21.8900,2021-12-07,True,1.2250,2.2321,0.4250,21.0100,2021-12-21,True
154,2.4500,5.2048,0.7000,21.0100,2021-12-21,True,0.9000,1.5408,0.3500,16.9500,2021-12-29,False
155,2.5500,7.4858,0.5500,16.9100,2022-01-04,True,9.8500,11.3757,0.9500,27.6600,2022-01-28,True
156,2.9750,6.8983,0.6750,21.9600,2022-02-01,True,2.2750,2.9650,0.5750,27.5900,2022-02-25,False
157,2.0000,5.6238,0.5000,30.7400,2022-03-02,True,0.6500,1.3456,0.3500,26.6700,2022-03-16,True
158,2.3000,6.8483,0.4000,21.0300,2022-04-05,True,1.2500,2.5703,0.3000,21.3700,2022-04-19,True
159,1.9250,5.2884,0.4250,21.3700,2022-04-19,False,9.8750,12.4231,1.9250,33.4000,2022-04-29,False
160,1.6250,5.2477,0.5750,29.2500,2022-05-03,True,0.8250,1.7022,0.2750,26.1000,2022-05-17,True
161,0.9750,2.3978,0.4250,26.1000,2022-05-17,True,0.4000,0.7088,0.2500,25.7200,2022-05-27,True
163,1.6750,4.5268,0.4750,27.5400,2022-07-05,True,0.6250,1.5307,0.3250,25.3000,2022-07-18,True
164,1.1500,3.1579,0.3500,25.3000,2022-07-18,True,5.3750,7.0792,0.4250,21.3300,2022-07-29,True
165,1.5500,3.8753,0.4000,23.9300,2022-08-02,True,0.4500,0.9674,0.2000,20.6000,2022-08-19,True
166,2.2500,5.0466,0.4500,26.9100,2022-09-06,False,2.1000,3.5068,0.6000,31.6200,2022-09-30,False
167,2.3500,5.0117,0.4500,29.0700,2022-10-04,True,1.2000,1.8612,0.3500,29.6900,2022-10-21,True
168,2.7000,4.5306,0.4000,25.8100,2022-11-01,False,0.6000,0.7917,0.2500,22.3600,2022-11-21,False
169,1.1750,3.0395,0.4250,22.1700,2022-12-06,False,0.3250,0.6578,0.2750,20.0700,2022-12-21,False
170,0.9250,1.7523,0.2750,20.0700,2022-12-21,True,0.5000,0.6556,0.2000,21.6700,2022-12-30,True
172,1.9750,4.7012,0.3250,19.4000,2023-01-31,True,0.5500,1.4073,0.2500,20.0200,2023-02-17,True
173,2.2500,4.9603,0.3000,19.5900,2023-03-07,False,0.8250,1.4146,0.2250,20.6000,2023-03-27,False
174,2.6250,6.5198,0.3750,19.0000,2023-04-04,True,0.8750,2.2854,0.2750,16.9500,2023-04-17,True
175,2.3250,5.2252,0.3250,16.9500,2023-04-17,True,1.0000,1.1908,0.3000,17.0300,2023-04-27,True
176,2.5750,6.8027,0.2750,17.7800,2023-05-02,True,1.3000,2.6727,0.2500,17.9900,2023-05-16,True
177,2.1500,5.1144,0.3000,17.9900,2023-05-16,True,1.6500,3.4389,0.3000,17.9500,2023-05-26,False
178,2.6500,6.7639,0.2500,13.9600,2023-06-06,True,0.8750,2.2068,0.2250,13.4400,2023-06-23,False
179,2.4250,6.3217,0.3250,14.1800,2023-07-05,True,1.3000,2.3463,0.2500,13.1900,2023-07-26,False
180,2.5250,7.0558,0.3250,13.9300,2023-08-01,True,1.9000,2.5335,0.3000,15.9800,2023-08-23,True
181,2.5750,6.5221,0.3250,14.0100,2023-09-05,False,1.2250,2.4689,0.2750,14.0000,2023-09-18,False
182,2.2250,5.1221,0.3250,14.0000,2023-09-18,False,4.5250,5.6695,0.4250,17.5200,2023-09-29,False
183,2.1500,5.5313,0.4500,19.7800,2023-10-03,True,0.9250,1.6145,0.3250,20.3700,2023-10-23,True
184,2.4250,5.8031,0.3250,18.1400,2023-10-31,True,17.9750,18.5334,0.5750,12.4600,2023-11-24,True
185,3.1750,6.7836,0.4250,12.8500,2023-12-05,True,8.5500,8.5749,0.4000,12.4500,2023-12-29,False
